"","Df","Sum Sq","Mean Sq","F value","Pr(>F)"
"prog",1,2.2331029320025,2.2331029320025,0.169211997226375,0.685187673302463
"Residuals",20,263.941442522543,13.1970721261271,NA,NA
